file,hash
1.pdf,e815d0dbe0957d82a91f12458c7714047b9090515513be8d6f64640faf223c70
1.pdf,e815d0dbe0957d82a91f12458c7714047b9090515513be8d6f64640faf223c70
2.jpg,e55cefff1b3240bd7fd62ccb6761e44dd5ab9f5fd56f3da6607fad8e9ce71001
1.pdf,c08208c1fc99fe141e59708c4a4900527d3e563d0b900937fd04570a2d6790ed
1.pdf,f7573a89e1247ba6c970b1aa421d4edfdbeccd9ce5508def07b9caf4d5bfaf00
1.pdf,7678192a247011dba29ec8428ddca77eddf8f8ef8e4262c5f278597469be146e
1.pdf,1e35456c8d0d9ffa52da22680e702c96db5fa7daceb2ae196379982abcee9150
1.pdf,8253bbae1b097cd0aaba31ad9fa2fca6dcf9fdf703268335ba99d7517c9627c5
1.pdf,81aa7638844744ef17ea1c8d94a8d9749d8f1f138b5108bd7aa629bca642e3f6
2.jpg,55e70a6968f82e948a74905f11259a5c5ba6785a340a0ed4c5b27e2944db2da2
1.pdf,225f2ec324145cbabcec08df7368f1a328ace29790688af3438e11da84e6d880
1.pdf,49fe0d836a058619eeac450f2bc8c5c7d6463c837f41e46694c17440d81cdf8a
1.pdf,7ef54543a544a4d98ec2dcb665eda8c1cded3d19d0ee119fcaefda58ffb8325a
1.pdf,ce25e5a73a3a2a0c0c7e1b36748b5f72c8bd3f57095432820cec43e7835a8c43
1.pdf,124b2db524a6c9a107582cc79f3b535405b5fb24b7ec2ddceecc99591f893789
1.pdf,ab1a51779b730a9eb946b2886ff1317baf05d6b0eda994f3ebd282e56cb61dd1
1.pdf,dd9d1e14ff8a48fcb00221934615e67232612a119bde2debb03c57490979eaf1
1.pdf,fd8da933c93823da9481a3a20495ced544d69c70e9e10d7663ca71544406a05b
2.jpg,b4e664cce9054082561dcd41db48ea5055b651ab1bf4d915bf97badeefcfd337
input.txt,f34ae6bb9d00d12c1d3939fb78e12e61cb7bd176b8ac488caed0fbe50a16f492
input.txt,6802a86e6d165e949658cd0d5aa1fe022f3755cc0d62d4ffe7e99fb2a7c6473a
2.jpg,878d830ef05225c2be76de5f88ac9396ccdbef81e5d405633bb6b424353837d3
2.jpg,651dce4245038cfd9cdc00dd0eb4018bcbf075f1276061ff266051ec27afb5ff
2.jpg,1d4c8b66118c0ece5dd1cbb2bbe7d5f4d6425c83372e96a9d91428d8e4a2b647
2.jpg,d78043cfa3c056c44646781b717bfd194a4bf72226506502185ab617e32e6300
input.txt,d1bf0d5bf7161b83acd12af0e353cc8ad3686a74c4772606d8808310d82928a0
2.jpg,de89d6770415e820a643f258f313333000426fa1b11fc39a4b5e6488bf98b874
input.txt,e0b0af4efcc93895803faa00e84f686e8ae821674a5e1b223e5261477365010e
file.csv,454cf2f1b512fd7b8df8cc1a3e7a561b7411cd7999ab664e38bda6c1771797a4
svg.png,e4c0b4389f0ead751d6605e64c940f3648a60f91df52627a72355c6250d3df7e
image.zip,5a0394ac3ab3a25991af5b493db4d0e300337f16d4c75d0319862c90194d17dd
